[{"model": "admin.logentry", "pk": 1, "fields": {"action_time": "2021-01-29T17:37:40.186Z", "user": 1, "content_type": 9, "object_id": "1", "object_repr": "Science", "action_flag": 1, "change_message": "[{\"added\": {}}]"}}, {"model": "admin.logentry", "pk": 2, "fields": {"action_time": "2021-01-29T17:37:48.512Z", "user": 1, "content_type": 9, "object_id": "2", "object_repr": "Science - General Relativity", "action_flag": 1, "change_message": "[{\"added\": {}}]"}}, {"model": "admin.logentry", "pk": 3, "fields": {"action_time": "2021-01-29T17:38:17.055Z", "user": 1, "content_type": 9, "object_id": "3", "object_repr": "Science - Space", "action_flag": 1, "change_message": "[{\"added\": {}}]"}}, {"model": "admin.logentry", "pk": 4, "fields": {"action_time": "2021-01-29T17:38:37.303Z", "user": 1, "content_type": 9, "object_id": "4", "object_repr": "Science - Quantum theory", "action_flag": 1, "change_message": "[{\"added\": {}}]"}}, {"model": "admin.logentry", "pk": 5, "fields": {"action_time": "2021-01-29T17:38:45.738Z", "user": 1, "content_type": 9, "object_id": "5", "object_repr": "Math", "action_flag": 1, "change_message": "[{\"added\": {}}]"}}, {"model": "admin.logentry", "pk": 6, "fields": {"action_time": "2021-01-29T17:39:06.413Z", "user": 1, "content_type": 9, "object_id": "6", "object_repr": "Math - Statistics", "action_flag": 1, "change_message": "[{\"added\": {}}]"}}, {"model": "admin.logentry", "pk": 7, "fields": {"action_time": "2021-01-29T17:39:22.837Z", "user": 1, "content_type": 9, "object_id": "7", "object_repr": "Math - Applied Math", "action_flag": 1, "change_message": "[{\"added\": {}}]"}}, {"model": "admin.logentry", "pk": 8, "fields": {"action_time": "2021-01-29T17:39:52.354Z", "user": 1, "content_type": 6, "object_id": "1", "object_repr": "Lorem Ipsum 1 2021-01-29 18:37:22+01:00", "action_flag": 2, "change_message": "[{\"changed\": {\"fields\": [\"category\"]}}]"}}, {"model": "admin.logentry", "pk": 9, "fields": {"action_time": "2021-01-29T18:19:17.145Z", "user": 1, "content_type": 6, "object_id": "10", "object_repr": "The night city 2021-01-29 18:50:43+01:00", "action_flag": 2, "change_message": "[{\"changed\": {\"fields\": [\"title\"]}}]"}}, {"model": "auth.permission", "pk": 1, "fields": {"name": "Can add log entry", "content_type": 1, "codename": "add_logentry"}}, {"model": "auth.permission", "pk": 2, "fields": {"name": "Can change log entry", "content_type": 1, "codename": "change_logentry"}}, {"model": "auth.permission", "pk": 3, "fields": {"name": "Can delete log entry", "content_type": 1, "codename": "delete_logentry"}}, {"model": "auth.permission", "pk": 4, "fields": {"name": "Can view log entry", "content_type": 1, "codename": "view_logentry"}}, {"model": "auth.permission", "pk": 5, "fields": {"name": "Can add permission", "content_type": 2, "codename": "add_permission"}}, {"model": "auth.permission", "pk": 6, "fields": {"name": "Can change permission", "content_type": 2, "codename": "change_permission"}}, {"model": "auth.permission", "pk": 7, "fields": {"name": "Can delete permission", "content_type": 2, "codename": "delete_permission"}}, {"model": "auth.permission", "pk": 8, "fields": {"name": "Can view permission", "content_type": 2, "codename": "view_permission"}}, {"model": "auth.permission", "pk": 9, "fields": {"name": "Can add group", "content_type": 3, "codename": "add_group"}}, {"model": "auth.permission", "pk": 10, "fields": {"name": "Can change group", "content_type": 3, "codename": "change_group"}}, {"model": "auth.permission", "pk": 11, "fields": {"name": "Can delete group", "content_type": 3, "codename": "delete_group"}}, {"model": "auth.permission", "pk": 12, "fields": {"name": "Can view group", "content_type": 3, "codename": "view_group"}}, {"model": "auth.permission", "pk": 13, "fields": {"name": "Can add content type", "content_type": 4, "codename": "add_contenttype"}}, {"model": "auth.permission", "pk": 14, "fields": {"name": "Can change content type", "content_type": 4, "codename": "change_contenttype"}}, {"model": "auth.permission", "pk": 15, "fields": {"name": "Can delete content type", "content_type": 4, "codename": "delete_contenttype"}}, {"model": "auth.permission", "pk": 16, "fields": {"name": "Can view content type", "content_type": 4, "codename": "view_contenttype"}}, {"model": "auth.permission", "pk": 17, "fields": {"name": "Can add session", "content_type": 5, "codename": "add_session"}}, {"model": "auth.permission", "pk": 18, "fields": {"name": "Can change session", "content_type": 5, "codename": "change_session"}}, {"model": "auth.permission", "pk": 19, "fields": {"name": "Can delete session", "content_type": 5, "codename": "delete_session"}}, {"model": "auth.permission", "pk": 20, "fields": {"name": "Can view session", "content_type": 5, "codename": "view_session"}}, {"model": "auth.permission", "pk": 21, "fields": {"name": "Can add blog post", "content_type": 6, "codename": "add_blogpost"}}, {"model": "auth.permission", "pk": 22, "fields": {"name": "Can change blog post", "content_type": 6, "codename": "change_blogpost"}}, {"model": "auth.permission", "pk": 23, "fields": {"name": "Can delete blog post", "content_type": 6, "codename": "delete_blogpost"}}, {"model": "auth.permission", "pk": 24, "fields": {"name": "Can view blog post", "content_type": 6, "codename": "view_blogpost"}}, {"model": "auth.permission", "pk": 25, "fields": {"name": "Can add user comment", "content_type": 7, "codename": "add_usercomment"}}, {"model": "auth.permission", "pk": 26, "fields": {"name": "Can change user comment", "content_type": 7, "codename": "change_usercomment"}}, {"model": "auth.permission", "pk": 27, "fields": {"name": "Can delete user comment", "content_type": 7, "codename": "delete_usercomment"}}, {"model": "auth.permission", "pk": 28, "fields": {"name": "Can view user comment", "content_type": 7, "codename": "view_usercomment"}}, {"model": "auth.permission", "pk": 29, "fields": {"name": "Can add user model", "content_type": 8, "codename": "add_usermodel"}}, {"model": "auth.permission", "pk": 30, "fields": {"name": "Can change user model", "content_type": 8, "codename": "change_usermodel"}}, {"model": "auth.permission", "pk": 31, "fields": {"name": "Can delete user model", "content_type": 8, "codename": "delete_usermodel"}}, {"model": "auth.permission", "pk": 32, "fields": {"name": "Can view user model", "content_type": 8, "codename": "view_usermodel"}}, {"model": "auth.permission", "pk": 33, "fields": {"name": "Can add category", "content_type": 9, "codename": "add_category"}}, {"model": "auth.permission", "pk": 34, "fields": {"name": "Can change category", "content_type": 9, "codename": "change_category"}}, {"model": "auth.permission", "pk": 35, "fields": {"name": "Can delete category", "content_type": 9, "codename": "delete_category"}}, {"model": "auth.permission", "pk": 36, "fields": {"name": "Can view category", "content_type": 9, "codename": "view_category"}}, {"model": "auth.permission", "pk": 37, "fields": {"name": "Can add report", "content_type": 10, "codename": "add_report"}}, {"model": "auth.permission", "pk": 38, "fields": {"name": "Can change report", "content_type": 10, "codename": "change_report"}}, {"model": "auth.permission", "pk": 39, "fields": {"name": "Can delete report", "content_type": 10, "codename": "delete_report"}}, {"model": "auth.permission", "pk": 40, "fields": {"name": "Can view report", "content_type": 10, "codename": "view_report"}}, {"model": "auth.permission", "pk": 41, "fields": {"name": "Can add like", "content_type": 11, "codename": "add_like"}}, {"model": "auth.permission", "pk": 42, "fields": {"name": "Can change like", "content_type": 11, "codename": "change_like"}}, {"model": "auth.permission", "pk": 43, "fields": {"name": "Can delete like", "content_type": 11, "codename": "delete_like"}}, {"model": "auth.permission", "pk": 44, "fields": {"name": "Can view like", "content_type": 11, "codename": "view_like"}}, {"model": "contenttypes.contenttype", "pk": 1, "fields": {"app_label": "admin", "model": "logentry"}}, {"model": "contenttypes.contenttype", "pk": 2, "fields": {"app_label": "auth", "model": "permission"}}, {"model": "contenttypes.contenttype", "pk": 3, "fields": {"app_label": "auth", "model": "group"}}, {"model": "contenttypes.contenttype", "pk": 4, "fields": {"app_label": "contenttypes", "model": "contenttype"}}, {"model": "contenttypes.contenttype", "pk": 5, "fields": {"app_label": "sessions", "model": "session"}}, {"model": "contenttypes.contenttype", "pk": 6, "fields": {"app_label": "blog", "model": "blogpost"}}, {"model": "contenttypes.contenttype", "pk": 7, "fields": {"app_label": "blog", "model": "usercomment"}}, {"model": "contenttypes.contenttype", "pk": 8, "fields": {"app_label": "account", "model": "usermodel"}}, {"model": "contenttypes.contenttype", "pk": 9, "fields": {"app_label": "category", "model": "category"}}, {"model": "contenttypes.contenttype", "pk": 10, "fields": {"app_label": "interaction", "model": "report"}}, {"model": "contenttypes.contenttype", "pk": 11, "fields": {"app_label": "interaction", "model": "like"}}, {"model": "sessions.session", "pk": "ax27rexob6eb3xz7x1ntqjcu80nizr9n", "fields": {"session_data": "ZDY4NzE5ZGIwZTY3N2NhNWUzYjI0M2I5M2Y0ZDBjNDcxNDBmYWUwMjp7Il9hdXRoX3VzZXJfaWQiOiIxIiwiX2F1dGhfdXNlcl9iYWNrZW5kIjoiZGphbmdvLmNvbnRyaWIuYXV0aC5iYWNrZW5kcy5Nb2RlbEJhY2tlbmQiLCJfYXV0aF91c2VyX2hhc2giOiJhYWQyNDRjZTk1YjgxNDVhYzE0MDQxZGM2MWViNDZlOGNkNDFjYTUzIn0=", "expire_date": "2021-02-12T17:36:14.457Z"}}, {"model": "sessions.session", "pk": "u2scgkmylym6ar078kt5eco4c3zc9zee", "fields": {"session_data": "NGNkNzU0MWZkN2Q0ODA4ZjE3OGM4MjE1NmFlNzAxYWJiNGVhZGVlMDp7Il9hdXRoX3VzZXJfaWQiOiIyIiwiX2F1dGhfdXNlcl9iYWNrZW5kIjoiZGphbmdvLmNvbnRyaWIuYXV0aC5iYWNrZW5kcy5Nb2RlbEJhY2tlbmQiLCJfYXV0aF91c2VyX2hhc2giOiIwYjc5Mzk1ZDI1ZmNmZGM5ZTJmZWU2NWYxOWFiOWM3YTI4ZjE4ZmFkIn0=", "expire_date": "2021-02-12T17:58:38.879Z"}}, {"model": "blog.blogpost", "pk": 1, "fields": {"title": "Lorem Ipsum 1", "short_description": "Lorem Ipsum is simply dummy text of the printing and typesetting industry. Lorem Ipsum has been the industry's standard dummy text ever since the 1500s", "content": "The standard Lorem Ipsum passage, used since the 1500s\r\n\"Lorem ipsum dolor sit amet, consectetur adipiscing elit, sed do eiusmod tempor incididunt ut labore et dolore magna aliqua. Ut enim ad minim veniam, quis nostrud exercitation ullamco laboris nisi ut aliquip ex ea commodo consequat. Duis aute irure dolor in reprehenderit in voluptate velit esse cillum dolore eu fugiat nulla pariatur. Excepteur sint occaecat cupidatat non proident, sunt in culpa qui officia deserunt mollit anim id est laborum.\"\r\n\r\nSection 1.10.32 of \"de Finibus Bonorum et Malorum\", written by Cicero in 45 BC\r\n\"Sed ut perspiciatis unde omnis iste natus error sit voluptatem accusantium doloremque laudantium, totam rem aperiam, eaque ipsa quae ab illo inventore veritatis et quasi architecto beatae vitae dicta sunt explicabo. Nemo enim ipsam voluptatem quia voluptas sit aspernatur aut odit aut fugit, sed quia consequuntur magni dolores eos qui ratione voluptatem sequi nesciunt. Neque porro quisquam est, qui dolorem ipsum quia dolor sit amet, consectetur, adipisci velit, sed quia non numquam eius modi tempora incidunt ut labore et dolore magnam aliquam quaerat voluptatem. Ut enim ad minima veniam, quis nostrum exercitationem ullam corporis suscipit laboriosam, nisi ut aliquid ex ea commodi consequatur? Quis autem vel eum iure reprehenderit qui in ea voluptate velit esse quam nihil molestiae consequatur, vel illum qui dolorem eum fugiat quo voluptas nulla pariatur?\"\r\n\r\n1914 translation by H. Rackham\r\n\"But I must explain to you how all this mistaken idea of denouncing pleasure and praising pain was born and I will give you a complete account of the system, and expound the actual teachings of the great explorer of the truth, the master-builder of human happiness. No one rejects, dislikes, or avoids pleasure itself, because it is pleasure, but because those who do not know how to pursue pleasure rationally encounter consequences that are extremely painful. Nor again is there anyone who loves or pursues or desires to obtain pain of itself, because it is pain, but because occasionally circumstances occur in which toil and pain can procure him some great pleasure. To take a trivial example, which of us ever undertakes laborious physical exercise, except to obtain some advantage from it? But who has any right to find fault with a man who chooses to enjoy a pleasure that has no annoying consequences, or one who avoids a pain that produces no resultant pleasure?\"\r\n\r\nSection 1.10.33 of \"de Finibus Bonorum et Malorum\", written by Cicero in 45 BC\r\n\"At vero eos et accusamus et iusto odio dignissimos ducimus qui blanditiis praesentium voluptatum deleniti atque corrupti quos dolores et quas molestias excepturi sint occaecati cupiditate non provident, similique sunt in culpa qui officia deserunt mollitia animi, id est laborum et dolorum fuga. Et harum quidem rerum facilis est et expedita distinctio. Nam libero tempore, cum soluta nobis est eligendi optio cumque nihil impedit quo minus id quod maxime placeat facere possimus, omnis voluptas assumenda est, omnis dolor repellendus. Temporibus autem quibusdam et aut officiis debitis aut rerum necessitatibus saepe eveniet ut et voluptates repudiandae sint et molestiae non recusandae. Itaque earum rerum hic tenetur a sapiente delectus, ut aut reiciendis voluptatibus maiores alias consequatur aut perferendis doloribus asperiores repellat.\"\r\n\r\n1914 translation by H. Rackham\r\n\"On the other hand, we denounce with righteous indignation and dislike men who are so beguiled and demoralized by the charms of pleasure of the moment, so blinded by desire, that they cannot foresee the pain and trouble that are bound to ensue; and equal blame belongs to those who fail in their duty through weakness of will, which is the same as saying through shrinking from toil and pain. These cases are perfectly simple and easy to distinguish. In a free hour, when our power of choice is untrammelled and when nothing prevents our being able to do what we like best, every pleasure is to be welcomed and every pain avoided. But in certain circumstances and owing to the claims of duty or the obligations of business it will frequently occur that pleasures have to be repudiated and annoyances accepted. The wise man therefore always holds in these matters to this principle of selection: he rejects pleasures to secure other greater pleasures, or else he endures pains to avoid worse pains.\"", "created_date": "2021-01-29T17:37:22Z", "updated_date": "2021-01-29T17:37:22Z", "thumbnail_image": "IMG_20200705_203913-Enhanced-2.jpg", "author": 1, "banned": false, "category": [2]}}, {"model": "blog.blogpost", "pk": 2, "fields": {"title": "A post of a dog", "short_description": "Lorem Ipsum is simply dummy text of the printing and typesetting industry. Lorem Ipsum has been the industry's standard dummy text ever since the 1500s", "content": "The standard Lorem Ipsum passage, used since the 1500s\r\n\"Lorem ipsum dolor sit amet, consectetur adipiscing elit, sed do eiusmod tempor incididunt ut labore et dolore magna aliqua. Ut enim ad minim veniam, quis nostrud exercitation ullamco laboris nisi ut aliquip ex ea commodo consequat. Duis aute irure dolor in reprehenderit in voluptate velit esse cillum dolore eu fugiat nulla pariatur. Excepteur sint occaecat cupidatat non proident, sunt in culpa qui officia deserunt mollit anim id est laborum.\"\r\n\r\nSection 1.10.32 of \"de Finibus Bonorum et Malorum\", written by Cicero in 45 BC\r\n\"Sed ut perspiciatis unde omnis iste natus error sit voluptatem accusantium doloremque laudantium, totam rem aperiam, eaque ipsa quae ab illo inventore veritatis et quasi architecto beatae vitae dicta sunt explicabo. Nemo enim ipsam voluptatem quia voluptas sit aspernatur aut odit aut fugit, sed quia consequuntur magni dolores eos qui ratione voluptatem sequi nesciunt. Neque porro quisquam est, qui dolorem ipsum quia dolor sit amet, consectetur, adipisci velit, sed quia non numquam eius modi tempora incidunt ut labore et dolore magnam aliquam quaerat voluptatem. Ut enim ad minima veniam, quis nostrum exercitationem ullam corporis suscipit laboriosam, nisi ut aliquid ex ea commodi consequatur? Quis autem vel eum iure reprehenderit qui in ea voluptate velit esse quam nihil molestiae consequatur, vel illum qui dolorem eum fugiat quo voluptas nulla pariatur?\"\r\n\r\n1914 translation by H. Rackham\r\n\"But I must explain to you how all this mistaken idea of denouncing pleasure and praising pain was born and I will give you a complete account of the system, and expound the actual teachings of the great explorer of the truth, the master-builder of human happiness. No one rejects, dislikes, or avoids pleasure itself, because it is pleasure, but because those who do not know how to pursue pleasure rationally encounter consequences that are extremely painful. Nor again is there anyone who loves or pursues or desires to obtain pain of itself, because it is pain, but because occasionally circumstances occur in which toil and pain can procure him some great pleasure. To take a trivial example, which of us ever undertakes laborious physical exercise, except to obtain some advantage from it? But who has any right to find fault with a man who chooses to enjoy a pleasure that has no annoying consequences, or one who avoids a pain that produces no resultant pleasure?\"\r\n\r\nSection 1.10.33 of \"de Finibus Bonorum et Malorum\", written by Cicero in 45 BC\r\n\"At vero eos et accusamus et iusto odio dignissimos ducimus qui blanditiis praesentium voluptatum deleniti atque corrupti quos dolores et quas molestias excepturi sint occaecati cupiditate non provident, similique sunt in culpa qui officia deserunt mollitia animi, id est laborum et dolorum fuga. Et harum quidem rerum facilis est et expedita distinctio. Nam libero tempore, cum soluta nobis est eligendi optio cumque nihil impedit quo minus id quod maxime placeat facere possimus, omnis voluptas assumenda est, omnis dolor repellendus. Temporibus autem quibusdam et aut officiis debitis aut rerum necessitatibus saepe eveniet ut et voluptates repudiandae sint et molestiae non recusandae. Itaque earum rerum hic tenetur a sapiente delectus, ut aut reiciendis voluptatibus maiores alias consequatur aut perferendis doloribus asperiores repellat.\"\r\n\r\n1914 translation by H. Rackham\r\n\"On the other hand, we denounce with righteous indignation and dislike men who are so beguiled and demoralized by the charms of pleasure of the moment, so blinded by desire, that they cannot foresee the pain and trouble that are bound to ensue; and equal blame belongs to those who fail in their duty through weakness of will, which is the same as saying through shrinking from toil and pain. These cases are perfectly simple and easy to distinguish. In a free hour, when our power of choice is untrammelled and when nothing prevents our being able to do what we like best, every pleasure is to be welcomed and every pain avoided. But in certain circumstances and owing to the claims of duty or the obligations of business it will frequently occur that pleasures have to be repudiated and annoyances accepted. The wise man therefore always holds in these matters to this principle of selection: he rejects pleasures to secure other greater pleasures, or else he endures pains to avoid worse pains.\"", "created_date": "2021-01-29T17:43:19.659Z", "updated_date": "2021-01-29T17:43:19.659Z", "thumbnail_image": "pexels-jules-palmer-6211149.jpg", "author": 1, "banned": false, "category": [3]}}, {"model": "blog.blogpost", "pk": 3, "fields": {"title": "The blue sea", "short_description": "Lorem Ipsum is simply dummy text of the printing and typesetting industry. Lorem Ipsum has been the industry's standard dummy text ever since the 1500s", "content": "The standard Lorem Ipsum passage, used since the 1500s\r\n\"Lorem ipsum dolor sit amet, consectetur adipiscing elit, sed do eiusmod tempor incididunt ut labore et dolore magna aliqua. Ut enim ad minim veniam, quis nostrud exercitation ullamco laboris nisi ut aliquip ex ea commodo consequat. Duis aute irure dolor in reprehenderit in voluptate velit esse cillum dolore eu fugiat nulla pariatur. Excepteur sint occaecat cupidatat non proident, sunt in culpa qui officia deserunt mollit anim id est laborum.\"\r\n\r\nSection 1.10.32 of \"de Finibus Bonorum et Malorum\", written by Cicero in 45 BC\r\n\"Sed ut perspiciatis unde omnis iste natus error sit voluptatem accusantium doloremque laudantium, totam rem aperiam, eaque ipsa quae ab illo inventore veritatis et quasi architecto beatae vitae dicta sunt explicabo. Nemo enim ipsam voluptatem quia voluptas sit aspernatur aut odit aut fugit, sed quia consequuntur magni dolores eos qui ratione voluptatem sequi nesciunt. Neque porro quisquam est, qui dolorem ipsum quia dolor sit amet, consectetur, adipisci velit, sed quia non numquam eius modi tempora incidunt ut labore et dolore magnam aliquam quaerat voluptatem. Ut enim ad minima veniam, quis nostrum exercitationem ullam corporis suscipit laboriosam, nisi ut aliquid ex ea commodi consequatur? Quis autem vel eum iure reprehenderit qui in ea voluptate velit esse quam nihil molestiae consequatur, vel illum qui dolorem eum fugiat quo voluptas nulla pariatur?\"\r\n\r\n1914 translation by H. Rackham\r\n\"But I must explain to you how all this mistaken idea of denouncing pleasure and praising pain was born and I will give you a complete account of the system, and expound the actual teachings of the great explorer of the truth, the master-builder of human happiness. No one rejects, dislikes, or avoids pleasure itself, because it is pleasure, but because those who do not know how to pursue pleasure rationally encounter consequences that are extremely painful. Nor again is there anyone who loves or pursues or desires to obtain pain of itself, because it is pain, but because occasionally circumstances occur in which toil and pain can procure him some great pleasure. To take a trivial example, which of us ever undertakes laborious physical exercise, except to obtain some advantage from it? But who has any right to find fault with a man who chooses to enjoy a pleasure that has no annoying consequences, or one who avoids a pain that produces no resultant pleasure?\"\r\n\r\nSection 1.10.33 of \"de Finibus Bonorum et Malorum\", written by Cicero in 45 BC\r\n\"At vero eos et accusamus et iusto odio dignissimos ducimus qui blanditiis praesentium voluptatum deleniti atque corrupti quos dolores et quas molestias excepturi sint occaecati cupiditate non provident, similique sunt in culpa qui officia deserunt mollitia animi, id est laborum et dolorum fuga. Et harum quidem rerum facilis est et expedita distinctio. Nam libero tempore, cum soluta nobis est eligendi optio cumque nihil impedit quo minus id quod maxime placeat facere possimus, omnis voluptas assumenda est, omnis dolor repellendus. Temporibus autem quibusdam et aut officiis debitis aut rerum necessitatibus saepe eveniet ut et voluptates repudiandae sint et molestiae non recusandae. Itaque earum rerum hic tenetur a sapiente delectus, ut aut reiciendis voluptatibus maiores alias consequatur aut perferendis doloribus asperiores repellat.\"\r\n\r\n1914 translation by H. Rackham\r\n\"On the other hand, we denounce with righteous indignation and dislike men who are so beguiled and demoralized by the charms of pleasure of the moment, so blinded by desire, that they cannot foresee the pain and trouble that are bound to ensue; and equal blame belongs to those who fail in their duty through weakness of will, which is the same as saying through shrinking from toil and pain. These cases are perfectly simple and easy to distinguish. In a free hour, when our power of choice is untrammelled and when nothing prevents our being able to do what we like best, every pleasure is to be welcomed and every pain avoided. But in certain circumstances and owing to the claims of duty or the obligations of business it will frequently occur that pleasures have to be repudiated and annoyances accepted. The wise man therefore always holds in these matters to this principle of selection: he rejects pleasures to secure other greater pleasures, or else he endures pains to avoid worse pains.\"", "created_date": "2021-01-29T17:43:59.093Z", "updated_date": "2021-01-29T17:43:59.093Z", "thumbnail_image": "pexels-kammeran-gonzalezkeola-6128227.jpg", "author": 1, "banned": false, "category": [2]}}, {"model": "blog.blogpost", "pk": 4, "fields": {"title": "The night sky", "short_description": "Lorem Ipsum is simply dummy text of the printing and typesetting industry. Lorem Ipsum has been the industry's standard dummy text ever since the 1500s", "content": "The standard Lorem Ipsum passage, used since the 1500s\r\n\"Lorem ipsum dolor sit amet, consectetur adipiscing elit, sed do eiusmod tempor incididunt ut labore et dolore magna aliqua. Ut enim ad minim veniam, quis nostrud exercitation ullamco laboris nisi ut aliquip ex ea commodo consequat. Duis aute irure dolor in reprehenderit in voluptate velit esse cillum dolore eu fugiat nulla pariatur. Excepteur sint occaecat cupidatat non proident, sunt in culpa qui officia deserunt mollit anim id est laborum.\"\r\n\r\nSection 1.10.32 of \"de Finibus Bonorum et Malorum\", written by Cicero in 45 BC\r\n\"Sed ut perspiciatis unde omnis iste natus error sit voluptatem accusantium doloremque laudantium, totam rem aperiam, eaque ipsa quae ab illo inventore veritatis et quasi architecto beatae vitae dicta sunt explicabo. Nemo enim ipsam voluptatem quia voluptas sit aspernatur aut odit aut fugit, sed quia consequuntur magni dolores eos qui ratione voluptatem sequi nesciunt. Neque porro quisquam est, qui dolorem ipsum quia dolor sit amet, consectetur, adipisci velit, sed quia non numquam eius modi tempora incidunt ut labore et dolore magnam aliquam quaerat voluptatem. Ut enim ad minima veniam, quis nostrum exercitationem ullam corporis suscipit laboriosam, nisi ut aliquid ex ea commodi consequatur? Quis autem vel eum iure reprehenderit qui in ea voluptate velit esse quam nihil molestiae consequatur, vel illum qui dolorem eum fugiat quo voluptas nulla pariatur?\"\r\n\r\n1914 translation by H. Rackham\r\n\"But I must explain to you how all this mistaken idea of denouncing pleasure and praising pain was born and I will give you a complete account of the system, and expound the actual teachings of the great explorer of the truth, the master-builder of human happiness. No one rejects, dislikes, or avoids pleasure itself, because it is pleasure, but because those who do not know how to pursue pleasure rationally encounter consequences that are extremely painful. Nor again is there anyone who loves or pursues or desires to obtain pain of itself, because it is pain, but because occasionally circumstances occur in which toil and pain can procure him some great pleasure. To take a trivial example, which of us ever undertakes laborious physical exercise, except to obtain some advantage from it? But who has any right to find fault with a man who chooses to enjoy a pleasure that has no annoying consequences, or one who avoids a pain that produces no resultant pleasure?\"\r\n\r\nSection 1.10.33 of \"de Finibus Bonorum et Malorum\", written by Cicero in 45 BC\r\n\"At vero eos et accusamus et iusto odio dignissimos ducimus qui blanditiis praesentium voluptatum deleniti atque corrupti quos dolores et quas molestias excepturi sint occaecati cupiditate non provident, similique sunt in culpa qui officia deserunt mollitia animi, id est laborum et dolorum fuga. Et harum quidem rerum facilis est et expedita distinctio. Nam libero tempore, cum soluta nobis est eligendi optio cumque nihil impedit quo minus id quod maxime placeat facere possimus, omnis voluptas assumenda est, omnis dolor repellendus. Temporibus autem quibusdam et aut officiis debitis aut rerum necessitatibus saepe eveniet ut et voluptates repudiandae sint et molestiae non recusandae. Itaque earum rerum hic tenetur a sapiente delectus, ut aut reiciendis voluptatibus maiores alias consequatur aut perferendis doloribus asperiores repellat.\"\r\n\r\n1914 translation by H. Rackham\r\n\"On the other hand, we denounce with righteous indignation and dislike men who are so beguiled and demoralized by the charms of pleasure of the moment, so blinded by desire, that they cannot foresee the pain and trouble that are bound to ensue; and equal blame belongs to those who fail in their duty through weakness of will, which is the same as saying through shrinking from toil and pain. These cases are perfectly simple and easy to distinguish. In a free hour, when our power of choice is untrammelled and when nothing prevents our being able to do what we like best, every pleasure is to be welcomed and every pain avoided. But in certain circumstances and owing to the claims of duty or the obligations of business it will frequently occur that pleasures have to be repudiated and annoyances accepted. The wise man therefore always holds in these matters to this principle of selection: he rejects pleasures to secure other greater pleasures, or else he endures pains to avoid worse pains.\"", "created_date": "2021-01-29T17:44:46.861Z", "updated_date": "2021-01-29T17:44:46.861Z", "thumbnail_image": "pexels-nima-gerivani-6264250.jpg", "author": 1, "banned": false, "category": [3]}}, {"model": "blog.blogpost", "pk": 5, "fields": {"title": "The mountains", "short_description": "Lorem Ipsum is simply dummy text of the printing and typesetting industry. Lorem Ipsum has been the industry's standard dummy text ever since the 1500s", "content": "Lorem Ipsum is simply dummy text of the printing and typesetting industry. Lorem Ipsum has been the industry's standard dummy text ever since the 1500s", "created_date": "2021-01-29T17:45:34.951Z", "updated_date": "2021-01-29T17:45:34.951Z", "thumbnail_image": "pexels-brady-knoll-6108440.jpg", "author": 1, "banned": false, "category": [6]}}, {"model": "blog.blogpost", "pk": 6, "fields": {"title": "The snow", "short_description": "Lorem Ipsum is simply dummy text of the printing and typesetting industry. Lorem Ipsum has been the industry's standard dummy text ever since the 1500s", "content": "Lorem Ipsum is simply dummy text of the printing and typesetting industry. Lorem Ipsum has been the industry's standard dummy text ever since the 1500s", "created_date": "2021-01-29T17:46:10.875Z", "updated_date": "2021-01-29T17:46:10.875Z", "thumbnail_image": "pexels-martin-rois-6263766.jpg", "author": 1, "banned": false, "category": [7]}}, {"model": "blog.blogpost", "pk": 7, "fields": {"title": "A random tree", "short_description": "Lorem Ipsum is simply dummy text of the printing and typesetting industry. Lorem Ipsum has been the industry's standard dummy text ever since the 1500s", "content": "The standard Lorem Ipsum passage, used since the 1500s\r\n\"Lorem ipsum dolor sit amet, consectetur adipiscing elit, sed do eiusmod tempor incididunt ut labore et dolore magna aliqua. Ut enim ad minim veniam, quis nostrud exercitation ullamco laboris nisi ut aliquip ex ea commodo consequat. Duis aute irure dolor in reprehenderit in voluptate velit esse cillum dolore eu fugiat nulla pariatur. Excepteur sint occaecat cupidatat non proident, sunt in culpa qui officia deserunt mollit anim id est laborum.\"\r\n\r\nSection 1.10.32 of \"de Finibus Bonorum et Malorum\", written by Cicero in 45 BC\r\n\"Sed ut perspiciatis unde omnis iste natus error sit voluptatem accusantium doloremque laudantium, totam rem aperiam, eaque ipsa quae ab illo inventore veritatis et quasi architecto beatae vitae dicta sunt explicabo. Nemo enim ipsam voluptatem quia voluptas sit aspernatur aut odit aut fugit, sed quia consequuntur magni dolores eos qui ratione voluptatem sequi nesciunt. Neque porro quisquam est, qui dolorem ipsum quia dolor sit amet, consectetur, adipisci velit, sed quia non numquam eius modi tempora incidunt ut labore et dolore magnam aliquam quaerat voluptatem. Ut enim ad minima veniam, quis nostrum exercitationem ullam corporis suscipit laboriosam, nisi ut aliquid ex ea commodi consequatur? Quis autem vel eum iure reprehenderit qui in ea voluptate velit esse quam nihil molestiae consequatur, vel illum qui dolorem eum fugiat quo voluptas nulla pariatur?\"\r\n\r\n1914 translation by H. Rackham\r\n\"But I must explain to you how all this mistaken idea of denouncing pleasure and praising pain was born and I will give you a complete account of the system, and expound the actual teachings of the great explorer of the truth, the master-builder of human happiness. No one rejects, dislikes, or avoids pleasure itself, because it is pleasure, but because those who do not know how to pursue pleasure rationally encounter consequences that are extremely painful. Nor again is there anyone who loves or pursues or desires to obtain pain of itself, because it is pain, but because occasionally circumstances occur in which toil and pain can procure him some great pleasure. To take a trivial example, which of us ever undertakes laborious physical exercise, except to obtain some advantage from it? But who has any right to find fault with a man who chooses to enjoy a pleasure that has no annoying consequences, or one who avoids a pain that produces no resultant pleasure?\"\r\n\r\nSection 1.10.33 of \"de Finibus Bonorum et Malorum\", written by Cicero in 45 BC\r\n\"At vero eos et accusamus et iusto odio dignissimos ducimus qui blanditiis praesentium voluptatum deleniti atque corrupti quos dolores et quas molestias excepturi sint occaecati cupiditate non provident, similique sunt in culpa qui officia deserunt mollitia animi, id est laborum et dolorum fuga. Et harum quidem rerum facilis est et expedita distinctio. Nam libero tempore, cum soluta nobis est eligendi optio cumque nihil impedit quo minus id quod maxime placeat facere possimus, omnis voluptas assumenda est, omnis dolor repellendus. Temporibus autem quibusdam et aut officiis debitis aut rerum necessitatibus saepe eveniet ut et voluptates repudiandae sint et molestiae non recusandae. Itaque earum rerum hic tenetur a sapiente delectus, ut aut reiciendis voluptatibus maiores alias consequatur aut perferendis doloribus asperiores repellat.\"\r\n\r\n1914 translation by H. Rackham\r\n\"On the other hand, we denounce with righteous indignation and dislike men who are so beguiled and demoralized by the charms of pleasure of the moment, so blinded by desire, that they cannot foresee the pain and trouble that are bound to ensue; and equal blame belongs to those who fail in their duty through weakness of will, which is the same as saying through shrinking from toil and pain. These cases are perfectly simple and easy to distinguish. In a free hour, when our power of choice is untrammelled and when nothing prevents our being able to do what we like best, every pleasure is to be welcomed and every pain avoided. But in certain circumstances and owing to the claims of duty or the obligations of business it will frequently occur that pleasures have to be repudiated and annoyances accepted. The wise man therefore always holds in these matters to this principle of selection: he rejects pleasures to secure other greater pleasures, or else he endures pains to avoid worse pains.\"", "created_date": "2021-01-29T17:47:23.661Z", "updated_date": "2021-01-29T17:47:23.661Z", "thumbnail_image": "pexels-jules-palmer-6096182.jpg", "author": 1, "banned": false, "category": [4]}}, {"model": "blog.blogpost", "pk": 8, "fields": {"title": "A bird", "short_description": "Lorem Ipsum is simply dummy text of the printing and typesetting industry. Lorem Ipsum has been the industry's standard dummy text ever since the 1500s", "content": "The standard Lorem Ipsum passage, used since the 1500s\r\n\"Lorem ipsum dolor sit amet, consectetur adipiscing elit, sed do eiusmod tempor incididunt ut labore et dolore magna aliqua. Ut enim ad minim veniam, quis nostrud exercitation ullamco laboris nisi ut aliquip ex ea commodo consequat. Duis aute irure dolor in reprehenderit in voluptate velit esse cillum dolore eu fugiat nulla pariatur. Excepteur sint occaecat cupidatat non proident, sunt in culpa qui officia deserunt mollit anim id est laborum.\"\r\n\r\nSection 1.10.32 of \"de Finibus Bonorum et Malorum\", written by Cicero in 45 BC\r\n\"Sed ut perspiciatis unde omnis iste natus error sit voluptatem accusantium doloremque laudantium, totam rem aperiam, eaque ipsa quae ab illo inventore veritatis et quasi architecto beatae vitae dicta sunt explicabo. Nemo enim ipsam voluptatem quia voluptas sit aspernatur aut odit aut fugit, sed quia consequuntur magni dolores eos qui ratione voluptatem sequi nesciunt. Neque porro quisquam est, qui dolorem ipsum quia dolor sit amet, consectetur, adipisci velit, sed quia non numquam eius modi tempora incidunt ut labore et dolore magnam aliquam quaerat voluptatem. Ut enim ad minima veniam, quis nostrum exercitationem ullam corporis suscipit laboriosam, nisi ut aliquid ex ea commodi consequatur? Quis autem vel eum iure reprehenderit qui in ea voluptate velit esse quam nihil molestiae consequatur, vel illum qui dolorem eum fugiat quo voluptas nulla pariatur?\"\r\n\r\n1914 translation by H. Rackham\r\n\"But I must explain to you how all this mistaken idea of denouncing pleasure and praising pain was born and I will give you a complete account of the system, and expound the actual teachings of the great explorer of the truth, the master-builder of human happiness. No one rejects, dislikes, or avoids pleasure itself, because it is pleasure, but because those who do not know how to pursue pleasure rationally encounter consequences that are extremely painful. Nor again is there anyone who loves or pursues or desires to obtain pain of itself, because it is pain, but because occasionally circumstances occur in which toil and pain can procure him some great pleasure. To take a trivial example, which of us ever undertakes laborious physical exercise, except to obtain some advantage from it? But who has any right to find fault with a man who chooses to enjoy a pleasure that has no annoying consequences, or one who avoids a pain that produces no resultant pleasure?\"\r\n\r\nSection 1.10.33 of \"de Finibus Bonorum et Malorum\", written by Cicero in 45 BC\r\n\"At vero eos et accusamus et iusto odio dignissimos ducimus qui blanditiis praesentium voluptatum deleniti atque corrupti quos dolores et quas molestias excepturi sint occaecati cupiditate non provident, similique sunt in culpa qui officia deserunt mollitia animi, id est laborum et dolorum fuga. Et harum quidem rerum facilis est et expedita distinctio. Nam libero tempore, cum soluta nobis est eligendi optio cumque nihil impedit quo minus id quod maxime placeat facere possimus, omnis voluptas assumenda est, omnis dolor repellendus. Temporibus autem quibusdam et aut officiis debitis aut rerum necessitatibus saepe eveniet ut et voluptates repudiandae sint et molestiae non recusandae. Itaque earum rerum hic tenetur a sapiente delectus, ut aut reiciendis voluptatibus maiores alias consequatur aut perferendis doloribus asperiores repellat.\"\r\n\r\n1914 translation by H. Rackham\r\n\"On the other hand, we denounce with righteous indignation and dislike men who are so beguiled and demoralized by the charms of pleasure of the moment, so blinded by desire, that they cannot foresee the pain and trouble that are bound to ensue; and equal blame belongs to those who fail in their duty through weakness of will, which is the same as saying through shrinking from toil and pain. These cases are perfectly simple and easy to distinguish. In a free hour, when our power of choice is untrammelled and when nothing prevents our being able to do what we like best, every pleasure is to be welcomed and every pain avoided. But in certain circumstances and owing to the claims of duty or the obligations of business it will frequently occur that pleasures have to be repudiated and annoyances accepted. The wise man therefore always holds in these matters to this principle of selection: he rejects pleasures to secure other greater pleasures, or else he endures pains to avoid worse pains.\"", "created_date": "2021-01-29T17:48:17.274Z", "updated_date": "2021-01-29T17:48:17.274Z", "thumbnail_image": "pexels-pat-whelen-6110420.jpg", "author": 1, "banned": false, "category": [4]}}, {"model": "blog.blogpost", "pk": 9, "fields": {"title": "A post of a panorama", "short_description": "Lorem Ipsum is simply dummy text of the printing and typesetting industry. Lorem Ipsum has been the industry's standard dummy text ever since the 1500s", "content": "The standard Lorem Ipsum passage, used since the 1500s\r\n\"Lorem ipsum dolor sit amet, consectetur adipiscing elit, sed do eiusmod tempor incididunt ut labore et dolore magna aliqua. Ut enim ad minim veniam, quis nostrud exercitation ullamco laboris nisi ut aliquip ex ea commodo consequat. Duis aute irure dolor in reprehenderit in voluptate velit esse cillum dolore eu fugiat nulla pariatur. Excepteur sint occaecat cupidatat non proident, sunt in culpa qui officia deserunt mollit anim id est laborum.\"\r\n\r\nSection 1.10.32 of \"de Finibus Bonorum et Malorum\", written by Cicero in 45 BC\r\n\"Sed ut perspiciatis unde omnis iste natus error sit voluptatem accusantium doloremque laudantium, totam rem aperiam, eaque ipsa quae ab illo inventore veritatis et quasi architecto beatae vitae dicta sunt explicabo. Nemo enim ipsam voluptatem quia voluptas sit aspernatur aut odit aut fugit, sed quia consequuntur magni dolores eos qui ratione voluptatem sequi nesciunt. Neque porro quisquam est, qui dolorem ipsum quia dolor sit amet, consectetur, adipisci velit, sed quia non numquam eius modi tempora incidunt ut labore et dolore magnam aliquam quaerat voluptatem. Ut enim ad minima veniam, quis nostrum exercitationem ullam corporis suscipit laboriosam, nisi ut aliquid ex ea commodi consequatur? Quis autem vel eum iure reprehenderit qui in ea voluptate velit esse quam nihil molestiae consequatur, vel illum qui dolorem eum fugiat quo voluptas nulla pariatur?\"\r\n\r\n1914 translation by H. Rackham\r\n\"But I must explain to you how all this mistaken idea of denouncing pleasure and praising pain was born and I will give you a complete account of the system, and expound the actual teachings of the great explorer of the truth, the master-builder of human happiness. No one rejects, dislikes, or avoids pleasure itself, because it is pleasure, but because those who do not know how to pursue pleasure rationally encounter consequences that are extremely painful. Nor again is there anyone who loves or pursues or desires to obtain pain of itself, because it is pain, but because occasionally circumstances occur in which toil and pain can procure him some great pleasure. To take a trivial example, which of us ever undertakes laborious physical exercise, except to obtain some advantage from it? But who has any right to find fault with a man who chooses to enjoy a pleasure that has no annoying consequences, or one who avoids a pain that produces no resultant pleasure?\"\r\n\r\nSection 1.10.33 of \"de Finibus Bonorum et Malorum\", written by Cicero in 45 BC\r\n\"At vero eos et accusamus et iusto odio dignissimos ducimus qui blanditiis praesentium voluptatum deleniti atque corrupti quos dolores et quas molestias excepturi sint occaecati cupiditate non provident, similique sunt in culpa qui officia deserunt mollitia animi, id est laborum et dolorum fuga. Et harum quidem rerum facilis est et expedita distinctio. Nam libero tempore, cum soluta nobis est eligendi optio cumque nihil impedit quo minus id quod maxime placeat facere possimus, omnis voluptas assumenda est, omnis dolor repellendus. Temporibus autem quibusdam et aut officiis debitis aut rerum necessitatibus saepe eveniet ut et voluptates repudiandae sint et molestiae non recusandae. Itaque earum rerum hic tenetur a sapiente delectus, ut aut reiciendis voluptatibus maiores alias consequatur aut perferendis doloribus asperiores repellat.\"\r\n\r\n1914 translation by H. Rackham\r\n\"On the other hand, we denounce with righteous indignation and dislike men who are so beguiled and demoralized by the charms of pleasure of the moment, so blinded by desire, that they cannot foresee the pain and trouble that are bound to ensue; and equal blame belongs to those who fail in their duty through weakness of will, which is the same as saying through shrinking from toil and pain. These cases are perfectly simple and easy to distinguish. In a free hour, when our power of choice is untrammelled and when nothing prevents our being able to do what we like best, every pleasure is to be welcomed and every pain avoided. But in certain circumstances and owing to the claims of duty or the obligations of business it will frequently occur that pleasures have to be repudiated and annoyances accepted. The wise man therefore always holds in these matters to this principle of selection: he rejects pleasures to secure other greater pleasures, or else he endures pains to avoid worse pains.\"", "created_date": "2021-01-29T17:49:31.304Z", "updated_date": "2021-01-29T17:49:31.304Z", "thumbnail_image": "pexels-kien-virak-6035720.jpg", "author": 1, "banned": false, "category": [6]}}, {"model": "blog.blogpost", "pk": 10, "fields": {"title": "The night city", "short_description": "Lorem Ipsum is simply dummy text of the printing and typesetting industry. Lorem Ipsum has been the industry's standard dummy text ever since the 1500s", "content": "The standard Lorem Ipsum passage, used since the 1500s\r\n\"Lorem ipsum dolor sit amet, consectetur adipiscing elit, sed do eiusmod tempor incididunt ut labore et dolore magna aliqua. Ut enim ad minim veniam, quis nostrud exercitation ullamco laboris nisi ut aliquip ex ea commodo consequat. Duis aute irure dolor in reprehenderit in voluptate velit esse cillum dolore eu fugiat nulla pariatur. Excepteur sint occaecat cupidatat non proident, sunt in culpa qui officia deserunt mollit anim id est laborum.\"\r\n\r\nSection 1.10.32 of \"de Finibus Bonorum et Malorum\", written by Cicero in 45 BC\r\n\"Sed ut perspiciatis unde omnis iste natus error sit voluptatem accusantium doloremque laudantium, totam rem aperiam, eaque ipsa quae ab illo inventore veritatis et quasi architecto beatae vitae dicta sunt explicabo. Nemo enim ipsam voluptatem quia voluptas sit aspernatur aut odit aut fugit, sed quia consequuntur magni dolores eos qui ratione voluptatem sequi nesciunt. Neque porro quisquam est, qui dolorem ipsum quia dolor sit amet, consectetur, adipisci velit, sed quia non numquam eius modi tempora incidunt ut labore et dolore magnam aliquam quaerat voluptatem. Ut enim ad minima veniam, quis nostrum exercitationem ullam corporis suscipit laboriosam, nisi ut aliquid ex ea commodi consequatur? Quis autem vel eum iure reprehenderit qui in ea voluptate velit esse quam nihil molestiae consequatur, vel illum qui dolorem eum fugiat quo voluptas nulla pariatur?\"\r\n\r\n1914 translation by H. Rackham\r\n\"But I must explain to you how all this mistaken idea of denouncing pleasure and praising pain was born and I will give you a complete account of the system, and expound the actual teachings of the great explorer of the truth, the master-builder of human happiness. No one rejects, dislikes, or avoids pleasure itself, because it is pleasure, but because those who do not know how to pursue pleasure rationally encounter consequences that are extremely painful. Nor again is there anyone who loves or pursues or desires to obtain pain of itself, because it is pain, but because occasionally circumstances occur in which toil and pain can procure him some great pleasure. To take a trivial example, which of us ever undertakes laborious physical exercise, except to obtain some advantage from it? But who has any right to find fault with a man who chooses to enjoy a pleasure that has no annoying consequences, or one who avoids a pain that produces no resultant pleasure?\"\r\n\r\nSection 1.10.33 of \"de Finibus Bonorum et Malorum\", written by Cicero in 45 BC\r\n\"At vero eos et accusamus et iusto odio dignissimos ducimus qui blanditiis praesentium voluptatum deleniti atque corrupti quos dolores et quas molestias excepturi sint occaecati cupiditate non provident, similique sunt in culpa qui officia deserunt mollitia animi, id est laborum et dolorum fuga. Et harum quidem rerum facilis est et expedita distinctio. Nam libero tempore, cum soluta nobis est eligendi optio cumque nihil impedit quo minus id quod maxime placeat facere possimus, omnis voluptas assumenda est, omnis dolor repellendus. Temporibus autem quibusdam et aut officiis debitis aut rerum necessitatibus saepe eveniet ut et voluptates repudiandae sint et molestiae non recusandae. Itaque earum rerum hic tenetur a sapiente delectus, ut aut reiciendis voluptatibus maiores alias consequatur aut perferendis doloribus asperiores repellat.\"\r\n\r\n1914 translation by H. Rackham\r\n\"On the other hand, we denounce with righteous indignation and dislike men who are so beguiled and demoralized by the charms of pleasure of the moment, so blinded by desire, that they cannot foresee the pain and trouble that are bound to ensue; and equal blame belongs to those who fail in their duty through weakness of will, which is the same as saying through shrinking from toil and pain. These cases are perfectly simple and easy to distinguish. In a free hour, when our power of choice is untrammelled and when nothing prevents our being able to do what we like best, every pleasure is to be welcomed and every pain avoided. But in certain circumstances and owing to the claims of duty or the obligations of business it will frequently occur that pleasures have to be repudiated and annoyances accepted. The wise man therefore always holds in these matters to this principle of selection: he rejects pleasures to secure other greater pleasures, or else he endures pains to avoid worse pains.\"", "created_date": "2021-01-29T17:50:43Z", "updated_date": "2021-01-29T17:50:43Z", "thumbnail_image": "pexels-clive-kim-6327796.jpg", "author": 1, "banned": false, "category": [6]}}, {"model": "blog.blogpost", "pk": 11, "fields": {"title": "A spam post", "short_description": "Lorem Ipsum is simply dummy text of the printing and typesetting industry. Lorem Ipsum has been the industry's standard dummy text ever since the 1500s", "content": "The standard Lorem Ipsum passage, used since the 1500s\r\n\"Lorem ipsum dolor sit amet, consectetur adipiscing elit, sed do eiusmod tempor incididunt ut labore et dolore magna aliqua. Ut enim ad minim veniam, quis nostrud exercitation ullamco laboris nisi ut aliquip ex ea commodo consequat. Duis aute irure dolor in reprehenderit in voluptate velit esse cillum dolore eu fugiat nulla pariatur. Excepteur sint occaecat cupidatat non proident, sunt in culpa qui officia deserunt mollit anim id est laborum.\"\r\n\r\nSection 1.10.32 of \"de Finibus Bonorum et Malorum\", written by Cicero in 45 BC\r\n\"Sed ut perspiciatis unde omnis iste natus error sit voluptatem accusantium doloremque laudantium, totam rem aperiam, eaque ipsa quae ab illo inventore veritatis et quasi architecto beatae vitae dicta sunt explicabo. Nemo enim ipsam voluptatem quia voluptas sit aspernatur aut odit aut fugit, sed quia consequuntur magni dolores eos qui ratione voluptatem sequi nesciunt. Neque porro quisquam est, qui dolorem ipsum quia dolor sit amet, consectetur, adipisci velit, sed quia non numquam eius modi tempora incidunt ut labore et dolore magnam aliquam quaerat voluptatem. Ut enim ad minima veniam, quis nostrum exercitationem ullam corporis suscipit laboriosam, nisi ut aliquid ex ea commodi consequatur? Quis autem vel eum iure reprehenderit qui in ea voluptate velit esse quam nihil molestiae consequatur, vel illum qui dolorem eum fugiat quo voluptas nulla pariatur?\"\r\n\r\n1914 translation by H. Rackham\r\n\"But I must explain to you how all this mistaken idea of denouncing pleasure and praising pain was born and I will give you a complete account of the system, and expound the actual teachings of the great explorer of the truth, the master-builder of human happiness. No one rejects, dislikes, or avoids pleasure itself, because it is pleasure, but because those who do not know how to pursue pleasure rationally encounter consequences that are extremely painful. Nor again is there anyone who loves or pursues or desires to obtain pain of itself, because it is pain, but because occasionally circumstances occur in which toil and pain can procure him some great pleasure. To take a trivial example, which of us ever undertakes laborious physical exercise, except to obtain some advantage from it? But who has any right to find fault with a man who chooses to enjoy a pleasure that has no annoying consequences, or one who avoids a pain that produces no resultant pleasure?\"\r\n\r\nSection 1.10.33 of \"de Finibus Bonorum et Malorum\", written by Cicero in 45 BC\r\n\"At vero eos et accusamus et iusto odio dignissimos ducimus qui blanditiis praesentium voluptatum deleniti atque corrupti quos dolores et quas molestias excepturi sint occaecati cupiditate non provident, similique sunt in culpa qui officia deserunt mollitia animi, id est laborum et dolorum fuga. Et harum quidem rerum facilis est et expedita distinctio. Nam libero tempore, cum soluta nobis est eligendi optio cumque nihil impedit quo minus id quod maxime placeat facere possimus, omnis voluptas assumenda est, omnis dolor repellendus. Temporibus autem quibusdam et aut officiis debitis aut rerum necessitatibus saepe eveniet ut et voluptates repudiandae sint et molestiae non recusandae. Itaque earum rerum hic tenetur a sapiente delectus, ut aut reiciendis voluptatibus maiores alias consequatur aut perferendis doloribus asperiores repellat.\"\r\n\r\n1914 translation by H. Rackham\r\n\"On the other hand, we denounce with righteous indignation and dislike men who are so beguiled and demoralized by the charms of pleasure of the moment, so blinded by desire, that they cannot foresee the pain and trouble that are bound to ensue; and equal blame belongs to those who fail in their duty through weakness of will, which is the same as saying through shrinking from toil and pain. These cases are perfectly simple and easy to distinguish. In a free hour, when our power of choice is untrammelled and when nothing prevents our being able to do what we like best, every pleasure is to be welcomed and every pain avoided. But in certain circumstances and owing to the claims of duty or the obligations of business it will frequently occur that pleasures have to be repudiated and annoyances accepted. The wise man therefore always holds in these matters to this principle of selection: he rejects pleasures to secure other greater pleasures, or else he endures pains to avoid worse pains.\"", "created_date": "2021-01-29T18:14:21.338Z", "updated_date": "2021-01-29T18:14:21.338Z", "thumbnail_image": "pexels-nima-gerivani-6058205.jpg", "author": 1, "banned": true, "category": [6]}}, {"model": "blog.usercomment", "pk": 1, "fields": {"author": 2, "blog_post": 10, "comment": "This post is awesome ", "comment_date": "2021-01-29T17:59:40.045Z", "banned": false}}, {"model": "blog.usercomment", "pk": 2, "fields": {"author": 2, "blog_post": 9, "comment": "Nice panorama", "comment_date": "2021-01-29T18:01:23.780Z", "banned": false}}, {"model": "blog.usercomment", "pk": 3, "fields": {"author": 2, "blog_post": 8, "comment": "I like birds, this post is great!!", "comment_date": "2021-01-29T18:02:09.490Z", "banned": false}}, {"model": "blog.usercomment", "pk": 4, "fields": {"author": 1, "blog_post": 8, "comment": "Thanks :)", "comment_date": "2021-01-29T18:02:22.646Z", "banned": false}}, {"model": "blog.usercomment", "pk": 5, "fields": {"author": 2, "blog_post": 7, "comment": "Here it is, yet another comment :)", "comment_date": "2021-01-29T18:02:49.813Z", "banned": false}}, {"model": "blog.usercomment", "pk": 6, "fields": {"author": 2, "blog_post": 6, "comment": "This is a comment", "comment_date": "2021-01-29T18:03:02.996Z", "banned": false}}, {"model": "blog.usercomment", "pk": 7, "fields": {"author": 2, "blog_post": 6, "comment": "This is another comment", "comment_date": "2021-01-29T18:03:11.281Z", "banned": false}}, {"model": "blog.usercomment", "pk": 8, "fields": {"author": 2, "blog_post": 6, "comment": "Also this is a comment", "comment_date": "2021-01-29T18:03:34.496Z", "banned": false}}, {"model": "blog.usercomment", "pk": 9, "fields": {"author": 2, "blog_post": 5, "comment": "Nice post", "comment_date": "2021-01-29T18:04:01.595Z", "banned": false}}, {"model": "blog.usercomment", "pk": 10, "fields": {"author": 2, "blog_post": 4, "comment": "The night sky looks great :)", "comment_date": "2021-01-29T18:04:42.136Z", "banned": false}}, {"model": "blog.usercomment", "pk": 11, "fields": {"author": 2, "blog_post": 3, "comment": "Hey this is a comment", "comment_date": "2021-01-29T18:04:56.734Z", "banned": false}}, {"model": "account.usermodel", "pk": 1, "fields": {"password": "pbkdf2_sha256$150000$mk8ozhRQLpfD$3QEwRIK18MshTs4cz0by224aoboh8rQ1DvlWyRgAJFA=", "last_login": "2021-01-29T17:36:14.332Z", "email": "admin@example.com", "username": "admin", "is_active": true, "is_admin": true, "user_type": "s", "bio": "I love creating posts on this blog.", "twitter": "https://twitter.com/clirimfurriku", "instagram": "https://www.instagram.com/clirimfurriku", "facebook": null, "avatar": ""}}, {"model": "account.usermodel", "pk": 2, "fields": {"password": "pbkdf2_sha256$150000$Zy4VPSkOPxov$69E2Je11Ofap+Ke9ptc/BK4P7XYZI0YAhgXZyBQFUMY=", "last_login": "2021-01-29T17:58:38.723Z", "email": "reader@example.com", "username": "reader", "is_active": true, "is_admin": false, "user_type": "r", "bio": "This is an account of a reader", "twitter": null, "instagram": null, "facebook": null, "avatar": ""}}, {"model": "category.category", "pk": 1, "fields": {"name": "Science", "parent": null}}, {"model": "category.category", "pk": 2, "fields": {"name": "General Relativity", "parent": 1}}, {"model": "category.category", "pk": 3, "fields": {"name": "Space", "parent": 1}}, {"model": "category.category", "pk": 4, "fields": {"name": "Quantum theory", "parent": 1}}, {"model": "category.category", "pk": 5, "fields": {"name": "Math", "parent": null}}, {"model": "category.category", "pk": 6, "fields": {"name": "Statistics", "parent": 5}}, {"model": "category.category", "pk": 7, "fields": {"name": "Applied Math", "parent": 5}}, {"model": "interaction.like", "pk": 1, "fields": {"user": 2, "timestamp": "2021-01-29T18:05:04.657Z", "content_type": 6, "object_id": 10}}, {"model": "interaction.like", "pk": 2, "fields": {"user": 2, "timestamp": "2021-01-29T18:05:05.167Z", "content_type": 6, "object_id": 9}}, {"model": "interaction.like", "pk": 3, "fields": {"user": 2, "timestamp": "2021-01-29T18:05:06.965Z", "content_type": 6, "object_id": 6}}, {"model": "interaction.like", "pk": 4, "fields": {"user": 2, "timestamp": "2021-01-29T18:05:08.135Z", "content_type": 6, "object_id": 7}}, {"model": "interaction.like", "pk": 5, "fields": {"user": 1, "timestamp": "2021-01-29T18:05:14.782Z", "content_type": 6, "object_id": 10}}, {"model": "interaction.like", "pk": 6, "fields": {"user": 1, "timestamp": "2021-01-29T18:05:17.650Z", "content_type": 6, "object_id": 6}}, {"model": "interaction.like", "pk": 7, "fields": {"user": 1, "timestamp": "2021-01-29T18:05:28.840Z", "content_type": 7, "object_id": 6}}, {"model": "interaction.report", "pk": 1, "fields": {"user": 1, "reviewed": true, "approved": true, "timestamp": "2021-01-29T18:14:30.665Z", "content_type": 6, "object_id": 11}}, {"model": "interaction.report", "pk": 2, "fields": {"user": 2, "reviewed": true, "approved": true, "timestamp": "2021-01-29T18:15:09.507Z", "content_type": 6, "object_id": 11}}]